dataset_name,recommended_dim,class_count,baseline_quality,mean_centroid_cosine_distance,intrinsic_dim_twonn,intrinsic_dim_pca_95,task_family,true_intrinsic_dim,is_synthetic,language,linear_sep_metric,linear_sep_value,linear_sep_threshold
TweetEval irony,8,2.0,0.5870001738265213,0.0471653182532391,23.341531622782053,152.0,single,,0,en,kappa_vs_majority,0.1605694589969944,0.1
TweetEval stance climate,4,3.0,0.7690262545696244,0.2669668159621483,7.037962734099921,121.0,single,,0,en,kappa_vs_majority,0.5000263437330285,0.1
SetFit SUBJ,4,2.0,0.8800087512662363,0.2877007640040278,28.48672966608989,153.0,single,,0,en,kappa_vs_majority,0.748446019426072,0.1
PubMed RCT 20k,48,5.0,0.6560332787877697,0.1828106277999139,22.77688399933809,147.0,single,,0,en,kappa_vs_majority,0.4963884023246994,0.1
ADE corpus classification,24,2.0,0.7609795424166682,0.0528600234290197,3.049631731013477,145.0,single,,0,en,kappa_vs_majority,0.1613317277777833,0.1
LexGLUE LEDGAR,162,99.0,0.6399812986639334,0.4625140862617525,9.369142243728303,125.0,single,,0,en,kappa_vs_majority,0.6194305482705427,0.1
LexGLUE SCOTUS,16,13.0,0.4420048791306276,0.0768012658687435,20.969123135232724,128.0,single,,0,en,kappa_vs_majority,0.2909845986412041,0.1
LexGLUE Unfair ToS,32,8.0,0.834349593495935,0.4450623886155503,11.529298247256026,64.0,single,,0,en,kappa_vs_majority,0.7821337044892188,0.1
SuperGLUE CB,2,3.0,0.6758462421113024,0.2303591354761432,4.903336419034478,112.0,single,,0,en,kappa_vs_majority,0.3813859582276763,0.1
LexGLUE ECtHR A,32,10.0,0.6199020190241505,0.1672351265933171,13.785238020709688,130.0,single,,0,en,kappa_vs_majority,0.2338782343359828,0.1
LexGLUE EUR-LEX,162,61.0,0.4709979440518362,0.2234716762633513,4.930513727272521,110.0,single,,0,en,kappa_vs_majority,0.3717315250021808,0.1
SNIPS intents,48,7.0,0.9609969250687812,0.6240756771133806,5.715323742259692,135.0,single,,0,en,kappa_vs_majority,0.9537878259108784,0.1
ATIS intents,56,19.0,0.9280088471705238,0.5297933633727547,1.9863398459939596,86.0,single,,0,en,kappa_vs_majority,0.7542964067253372,0.1
ETHOS binary,16,2.0,0.7056532663316584,0.0848936053007632,17.165439219478976,137.0,single,,0,en,kappa_vs_majority,0.2987277022563017,0.1
FRENK English hate,8,2.0,0.6699963436490384,0.0746634463545734,10.396155156006657,148.0,single,,0,en,kappa_vs_majority,0.1516615517970138,0.1
ArXiv classification,16,11.0,0.5880041718365071,0.2101708677101387,22.141747616155904,144.0,single,,0,en,kappa_vs_majority,0.5391545546269655,0.1
Patent classification,16,9.0,0.4179778580976185,0.1718709066990946,5.934944663598012,132.0,single,,0,en,kappa_vs_majority,0.2528598948621547,0.1
Poem sentiment,16,4.0,0.7332045285065419,0.1405393945618021,21.04989455954824,147.0,single,,0,en,kappa_vs_majority,0.2938232623971378,0.1
Climate sentiment,4,3.0,0.7709835584087082,0.1908650448513943,7.573148066122017,138.0,single,,0,en,kappa_vs_majority,0.6131479027174125,0.1
Climate detection,24,2.0,0.901988815162468,0.1683499837565675,8.391844687968486,140.0,single,,0,en,kappa_vs_majority,0.584698369332491,0.1
Climate specificity,2,2.0,0.7849945754137372,0.127436053543976,7.573148066122017,138.0,single,,0,en,kappa_vs_majority,0.461139286751221,0.1
TweetEval stance atheism,2,3.0,0.6985541691424045,0.2061605861523794,18.236947351214464,130.0,single,,0,en,kappa_vs_majority,0.2608163402906834,0.1
TweetEval stance feminist,8,3.0,0.5644891122278056,0.1569012704631165,15.342877379089623,133.0,single,,0,en,kappa_vs_majority,0.139072847682119,0.1
TweetEval stance abortion,4,3.0,0.6763300191871622,0.1757572910895745,11.764599548367189,129.0,single,,0,en,kappa_vs_majority,0.2910661241151649,0.1
Amazon Reviews DE,8,5.0,0.4319948691206176,0.1481481009684298,18.999187398890165,125.0,single,,0,de,kappa_vs_majority,0.2699162842167321,0.1
Amazon Reviews FR,8,5.0,0.425023826221431,0.1589286992909575,19.33929342475443,127.0,single,,0,fr,kappa_vs_majority,0.2609560748347442,0.1
Amazon Reviews ES,2,5.0,0.3850347353341365,0.1761559324952822,17.61695782472869,125.0,single,,0,es,kappa_vs_majority,0.2095562150824376,0.1
Amazon Reviews JA,4,5.0,0.3680327033620447,0.1035128672170089,22.36507255930522,124.0,single,,0,ja,kappa_vs_majority,0.1877027035501859,0.1
Amazon Reviews ZH,2,5.0,0.3590206973440506,0.1314139361050327,20.086693201983344,119.0,single,,0,zh,kappa_vs_majority,0.1761191482571344,0.1
Allociné reviews,2,2.0,0.780990571409733,0.064988644808908,27.756261885354736,139.0,single,,0,fr,kappa_vs_majority,0.5584487326809134,0.1
Norwegian parliament,16,2.0,0.6360102617587647,0.0178635273752703,23.570968336306237,129.0,single,,0,no,kappa_vs_majority,0.2705616468111518,0.1
Greek legal code,179,273.0,0.2460034885184585,0.3160830477399762,16.649135532278468,112.0,single,,0,el,kappa_vs_majority,0.2266702446343165,0.1
Czech product reviews,2,6.0,0.2719875564186941,0.0451624103251754,27.543462244265413,136.0,single,,0,cs,kappa_vs_majority,0.1207579183800654,0.1
Romanian reviews,2,4.0,0.6510042977108846,0.1456992743445364,14.94538448864856,113.0,single,,0,ro,kappa_vs_majority,0.422192545878948,0.1
Italian casehold,145,71.0,0.672979797979798,0.330142802262728,14.3451491437434,111.0,single,,0,it,kappa_vs_majority,0.6039755351681958,0.1
Financial PhraseBank,56,3.0,0.911006815198432,0.3889400010881008,7.414486084637425,144.0,single,,0,en,kappa_vs_majority,0.7694477077679585,0.1
Tweet topic single,16,6.0,0.7860105614596632,0.4179913701167956,17.118403751482774,150.0,single,,0,en,kappa_vs_majority,0.6403538848061566,0.1
SILICONE MELD emotion,4,7.0,0.5210479941018864,0.1468313235907809,2.8044960158940873,142.0,single,,0,en,kappa_vs_majority,0.1114062970350396,0.1
RuSuperGLUE DaNetQA,16,2.0,0.6669813526100952,0.0583352601014038,3.683536641419354,129.0,single,,0,ru,kappa_vs_majority,0.1504626342094265,0.1
RU toxic comments,2,2.0,0.9280088471705238,0.3675832998052009,8.572340474260558,146.0,single,,0,ru,kappa_vs_majority,0.8539733208327055,0.1
SciCite,32,3.0,0.7129974285662909,0.108983282847509,11.672196489888996,152.0,single,,0,en,kappa_vs_majority,0.3231071428450257,0.1
SciTail,16,2.0,0.6630103157049265,0.0404887439618508,4.990008956008925,141.0,single,,0,en,kappa_vs_majority,0.1084928986902818,0.1
MTOP Domain,72,11.0,0.9420108731485975,0.6719104645096324,10.191975400929431,137.0,single,,0,en,kappa_vs_majority,0.931616595694101,0.1
Hyperpartisan news,4,2.0,0.6914728682170542,0.0519966624895829,4.804525567208384,135.0,single,,0,en,kappa_vs_majority,0.1638655462184872,0.1
Reuters-21578,40,8.0,0.9420078761396128,0.6472271599475276,9.712432812512844,133.0,single,,0,en,kappa_vs_majority,0.8784232204184752,0.1
OHSUMED,72,13.0,0.790994587401773,0.5103466338873316,15.095703199437054,144.0,single,,0,en,kappa_vs_majority,0.1867493673220738,0.1
SILICONE DailyDialog acts,48,4.0,0.6269952587317856,0.144200690779281,3.814894498805354,149.0,single,,0,en,kappa_vs_majority,0.3546630773906326,0.1
SILICONE SEMAINE,8,3.0,0.6709853566140991,0.184887605834766,1.4797091550340444,124.0,single,,0,en,kappa_vs_majority,0.2924416271270947,0.1
German sentiment,4,3.0,0.60601319882757,0.0815573867651552,20.7188303825277,140.0,single,,0,de,kappa_vs_majority,0.4066463837764608,0.1
Tweet sentiment Arabic,16,3.0,0.5209880539221857,0.0516523871005579,9.668598561945538,116.0,single,,0,ar,kappa_vs_majority,0.2785964667502797,0.1
Tweet sentiment French,56,3.0,0.6369723016429604,0.0641647166952514,9.19800424303095,132.0,single,,0,fr,kappa_vs_majority,0.4532715386189162,0.1
Tweet sentiment Italian,8,3.0,0.5680111248973524,0.0833555634986523,19.239095510676083,134.0,single,,0,it,kappa_vs_majority,0.3494143447249283,0.1
Tweet sentiment Portuguese,16,3.0,0.5380140619661578,0.053847159394321,15.643490760122395,130.0,single,,0,pt,kappa_vs_majority,0.3042380451297556,0.1
Tweet sentiment Spanish,2,3.0,0.5260350170529812,0.0766356478880633,23.933864688288843,139.0,single,,0,es,kappa_vs_majority,0.286197314838827,0.1
SweRec reviews,2,2.0,0.9180018341694988,0.3932086160555117,3.1911997018484777,126.0,single,,0,sv,kappa_vs_majority,0.835675018375749,0.1
PolEmo2 IN,8,4.0,0.6799584015152877,0.2375543714904061,22.467876945952153,120.0,single,,0,pl,kappa_vs_majority,0.4812940056973869,0.1
Vietnamese student feedback,2,3.0,0.8539947132761503,0.2071088210657925,11.114824529243483,94.0,single,,0,vi,kappa_vs_majority,0.7202963855864948,0.1
RuReviews,8,3.0,0.6250172328016639,0.1829369101352828,8.590392180305068,123.0,single,,0,ru,kappa_vs_majority,0.2559865730191744,0.1
